{
	"맵다": {
		"매운족발": 8660,
		"매운돈까스": 7069,
		"매운갈비찜": 6966,
		"불닭치킨": 6302,
		"엽떡": 4963,
		"갈비찜": 4827,
		"주꾸미": 4087,
		"신전": 3785,
		"떡볶이": 3697,
		"오뎅": 3651,
		"로제떡볶이": 3368,
		"마라탕": 3281,
		"아귀찜": 2898,
		"지코바": 2737,
		"배떡": 2664,
		"찜닭": 2451,
		"해물찜": 2173,
		"꿔바로우": 2031,
		"족발": 2022,
		"튀김": 2019,
		"라멘": 2008,
		"간장치킨": 1982,
		"양념치킨": 1878,
		"쫄면": 1875,
		"로제파스타": 1845,
		"카레": 1615,
		"고추바사삭": 1585,
		"비빔냉면": 1524,
		"물냉면": 1499,
		"쌀국수": 1392,
		"만두": 1348,
		"닭갈비": 1326,
		"레드콤보": 1321,
		"고구마돈까스": 1294,
		"곱창": 1276,
		"크림파스타": 1238,
		"타코야키": 1151,
		"김밥": 1148,
		"치즈돈까스": 1141,
		"돈까스": 1127,
		"깐풍기": 1072,
		"후라이드치킨": 1065,
		"짬뽕": 1048,
		"토마토파스타": 972,
		"허니콤보": 971,
		"순대": 932,
		"핫도그": 904,
		"양념게장": 895,
		"우동": 880,
		"볶음밥": 876,
		"고추잡채": 873,
		"해물탕": 835,
		"보쌈": 832,
		"낙곱새": 827,
		"황금올리브": 762,
		"감바스": 756,
		"샤브샤브": 752,
		"석쇠구이": 744,
		"잡채": 741,
		"파닭": 698,
		"타코": 676,
		"뿌링클": 671,
		"김치볶음밥": 666,
		"김치찜": 664,
		"페퍼로니피자": 631,
		"소바": 606,
		"순대국밥": 602,
		"삼겹살": 579,
		"알리오올리오": 578,
		"KFC": 576,
		"탕수육": 568,
		"블랙알리오": 568,
		"가오리찜": 557,
		"마파두부": 547,
		"감자탕": 523,
		"만둣국": 523,
		"싸이버거": 523,
		"김치찌개": 517,
		"간짜장": 476,
		"불고기피자": 437,
		"서브웨이": 405,
		"차돌박이짬뽕": 400,
		"깐쇼새우": 380,
		"짜장면": 368,
		"빠네": 366,
		"돼지국밥": 344,
		"치즈피자": 329,
		"유산슬": 327,
		"스테이크": 326,
		"양장피": 326,
		"잡채밥": 320,
		"간장게장": 314,
		"토스트": 311,
		"고구마피자": 304,
		"버거킹": 299,
		"콤비네이션피자": 283,
		"쉬림프피자": 258,
		"육회": 240,
		"스테이크피자": 234,
		"롯데리아": 229,
		"포테이토피자": 211,
		"팔보채": 202,
		"하와이안피자": 193,
		"아메리카노": 190,
		"빙수": 178,
		"타르트": 164,
		"아이스크림": 159,
		"맥도날드": 158,
		"밥버거": 156,
		"스무디": 152,
		"라떼": 145,
		"와플": 131,
		"브라우니": 122,
		"초밥": 107,
		"회": 99,
		"쉑쉑": 75,
		"허니브레드": 44
	},
	"부드럽다": {
		"갈비찜": 1343,
		"타르트": 967,
		"스테이크": 946,
		"족발": 923,
		"보쌈": 868,
		"로제파스타": 830,
		"크림파스타": 809,
		"고구마돈까스": 775,
		"감자탕": 774,
		"김치찜": 767,
		"치즈돈까스": 765,
		"매운돈까스": 747,
		"매운갈비찜": 743,
		"토마토파스타": 716,
		"고추바사삭": 706,
		"돈까스": 700,
		"스테이크피자": 685,
		"마카롱": 667,
		"매운족발": 658,
		"라멘": 644,
		"찜닭": 638,
		"간장치킨": 630,
		"로제떡볶이": 626,
		"카레": 622,
		"양념치킨": 622,
		"브라우니": 609,
		"라떼": 605,
		"크로플": 592,
		"아메리카노": 592,
		"소바": 589,
		"불닭치킨": 581,
		"쉬림프피자": 570,
		"돼지국밥": 558,
		"고구마피자": 532,
		"아귀찜": 532,
		"고추잡채": 525,
		"후라이드치킨": 515,
		"순대국밥": 505,
		"황금올리브": 502,
		"케이크": 498,
		"KFC": 492,
		"스무디": 485,
		"아이스크림": 484,
		"감바스": 483,
		"서브웨이": 472,
		"초밥": 469,
		"치즈피자": 468,
		"탕수육": 468,
		"해물탕": 452,
		"허니콤보": 449,
		"꿔바로우": 441,
		"닭갈비": 438,
		"블랙알리오": 437,
		"회": 436,
		"와플": 435,
		"해물찜": 429,
		"포테이토피자": 428,
		"토스트": 424,
		"마파두부": 423,
		"김치찌개": 420,
		"깐풍기": 413,
		"잡채": 411,
		"주꾸미": 410,
		"알리오올리오": 408,
		"비빔냉면": 403,
		"싸이버거": 392,
		"튀김": 390,
		"삼겹살": 390,
		"샤브샤브": 390,
		"물냉면": 384,
		"우동": 372,
		"빠네": 367,
		"쌀국수": 361,
		"양념게장": 361,
		"불고기피자": 358,
		"육회": 352,
		"뿌링클": 352,
		"떡볶이": 350,
		"타코": 348,
		"빙수": 337,
		"간장게장": 330,
		"페퍼로니피자": 322,
		"버거킹": 321,
		"곱창": 310,
		"지코바": 293,
		"순대": 286,
		"쉑쉑": 285,
		"김치볶음밥": 278,
		"핫도그": 274,
		"유산슬": 272,
		"배떡": 271,
		"간짜장": 268,
		"짬뽕": 266,
		"쫄면": 261,
		"오뎅": 257,
		"레드콤보": 250,
		"만두": 249,
		"롯데리아": 241,
		"맥도날드": 240,
		"콤비네이션피자": 238,
		"파닭": 228,
		"볶음밥": 225,
		"만둣국": 214,
		"김밥": 213,
		"타코야키": 209,
		"가오리찜": 201,
		"짜장면": 196,
		"깐쇼새우": 189,
		"엽떡": 189,
		"마라탕": 178,
		"팔보채": 175,
		"하와이안피자": 166,
		"양장피": 162,
		"잡채밥": 151,
		"차돌박이짬뽕": 149,
		"신전": 148,
		"허니브레드": 143,
		"석쇠구이": 110,
		"낙곱새": 100,
		"밥버거": 33
	},
	"깔끔하다": {
		"순대국밥": 1317,
		"돼지국밥": 1162,
		"샤브샤브": 1085,
		"보쌈": 994,
		"갈비찜": 982,
		"꿔바로우": 863,
		"매운돈까스": 836,
		"소바": 767,
		"라멘": 764,
		"쌀국수": 757,
		"고구마돈까스": 748,
		"삼겹살": 738,
		"양념게장": 736,
		"간장게장": 725,
		"고추잡채": 712,
		"돈까스": 709,
		"매운족발": 705,
		"김치찌개": 690,
		"김밥": 678,
		"물냉면": 667,
		"아메리카노": 658,
		"비빔냉면": 654,
		"감자탕": 650,
		"닭갈비": 619,
		"아귀찜": 616,
		"우동": 613,
		"순대": 591,
		"곱창": 585,
		"스테이크": 583,
		"로제파스타": 575,
		"마라탕": 571,
		"만두": 545,
		"깐풍기": 521,
		"매운갈비찜": 511,
		"김치찜": 489,
		"감바스": 481,
		"떡볶이": 477,
		"볶음밥": 474,
		"김치볶음밥": 462,
		"오뎅": 451,
		"와플": 441,
		"간짜장": 432,
		"라떼": 432,
		"스무디": 432,
		"마파두부": 410,
		"간장치킨": 404,
		"양장피": 400,
		"마카롱": 394,
		"서브웨이": 392,
		"양념치킨": 390,
		"알리오올리오": 368,
		"빙수": 349,
		"아이스크림": 349,
		"만둣국": 341,
		"로제떡볶이": 322,
		"브라우니": 317,
		"핫도그": 313,
		"불닭치킨": 302,
		"빠네": 293,
		"고구마피자": 292,
		"고추바사삭": 290,
		"깐쇼새우": 290,
		"불고기피자": 279,
		"낙곱새": 273,
		"스테이크피자": 252,
		"쉬림프피자": 250,
		"블랙알리오": 233,
		"쉑쉑": 206,
		"버거킹": 195,
		"레드콤보": 178,
		"싸이버거": 176,
		"가오리찜": 169,
		"석쇠구이": 165,
		"뿌링클": 150,
		"롯데리아": 138,
		"배떡": 122,
		"신전": 121,
		"맥도날드": 114,
		"엽떡": 103,
		"밥버거": 66
	},
	"싱싱하다": {
		"회": 1499,
		"해물탕": 1057,
		"간장게장": 572,
		"해물찜": 488,
		"양념게장": 460,
		"샤브샤브": 448,
		"육회": 409,
		"초밥": 381,
		"아귀찜": 247,
		"삼겹살": 230,
		"족발": 215,
		"보쌈": 195,
		"주꾸미": 163,
		"매운족발": 155,
		"토마토파스타": 150,
		"닭갈비": 149,
		"잡채": 139,
		"아메리카노": 136,
		"고추잡채": 133,
		"감바스": 132,
		"낙곱새": 132,
		"파닭": 131,
		"스무디": 130,
		"양장피": 114,
		"쫄면": 105,
		"스테이크": 103,
		"곱창": 100,
		"우동": 87,
		"크림파스타": 86,
		"짬뽕": 85,
		"타코": 84,
		"가오리찜": 83,
		"로제파스타": 79,
		"비빔냉면": 76,
		"볶음밥": 74,
		"서브웨이": 72,
		"토스트": 69,
		"물냉면": 69,
		"유산슬": 68,
		"김치볶음밥": 67,
		"김치찌개": 66,
		"케이크": 63,
		"쉑쉑": 61,
		"팔보채": 60,
		"빙수": 60,
		"깐쇼새우": 59,
		"싸이버거": 59,
		"알리오올리오": 58,
		"석쇠구이": 49,
		"차돌박이짬뽕": 41
	},
	"고소하다": {
		"육회": 690,
		"크림파스타": 679,
		"치즈피자": 678,
		"쉬림프피자": 651,
		"회": 623,
		"치즈돈까스": 609,
		"곱창": 607,
		"토마토파스타": 579,
		"크로플": 576,
		"로제파스타": 549,
		"페퍼로니피자": 547,
		"간장게장": 545,
		"라떼": 529,
		"아메리카노": 528,
		"후라이드치킨": 511,
		"타르트": 506,
		"고구마돈까스": 502,
		"포테이토피자": 502,
		"고구마피자": 501,
		"스테이크피자": 483,
		"매운돈까스": 474,
		"불고기피자": 449,
		"와플": 446,
		"서브웨이": 442,
		"소바": 428,
		"돈까스": 424,
		"튀김": 397,
		"감바스": 392,
		"케이크": 392,
		"양념게장": 385,
		"고추바사삭": 383,
		"황금올리브": 373,
		"마카롱": 367,
		"로제떡볶이": 366,
		"블랙알리오": 360,
		"불닭치킨": 358,
		"김밥": 350,
		"샤브샤브": 346,
		"간장치킨": 345,
		"콤비네이션피자": 342,
		"스무디": 342,
		"순대국밥": 340,
		"핫도그": 339,
		"해물탕": 334,
		"브라우니": 334,
		"라멘": 333,
		"토스트": 333,
		"고추잡채": 331,
		"양념치킨": 331,
		"김치볶음밥": 329,
		"떡볶이": 328,
		"꿔바로우": 327,
		"주꾸미": 318,
		"간짜장": 314,
		"볶음밥": 314,
		"잡채": 312,
		"초밥": 311,
		"순대": 303,
		"스테이크": 297,
		"롯데리아": 288,
		"빙수": 286,
		"알리오올리오": 277,
		"쫄면": 276,
		"삼겹살": 274,
		"아귀찜": 274,
		"빠네": 269,
		"해물찜": 268,
		"타코": 263,
		"족발": 260,
		"오뎅": 260,
		"우동": 260,
		"낙곱새": 258,
		"비빔냉면": 256,
		"카레": 255,
		"뿌링클": 254,
		"깐풍기": 248,
		"돼지국밥": 244,
		"하와이안피자": 243,
		"매운족발": 241,
		"마라탕": 237,
		"아이스크림": 237,
		"KFC": 234,
		"갈비찜": 233,
		"마파두부": 233,
		"버거킹": 222,
		"물냉면": 221,
		"닭갈비": 215,
		"만두": 214,
		"매운갈비찜": 207,
		"찜닭": 206,
		"쌀국수": 205,
		"보쌈": 188,
		"탕수육": 186,
		"유산슬": 182,
		"만둣국": 173,
		"배떡": 172,
		"김치찜": 169,
		"맥도날드": 160,
		"파닭": 158,
		"싸이버거": 157,
		"허니콤보": 153,
		"김치찌개": 152,
		"잡채밥": 152,
		"깐쇼새우": 151,
		"감자탕": 148,
		"신전": 145,
		"짬뽕": 133,
		"타코야키": 131,
		"차돌박이짬뽕": 126,
		"엽떡": 117,
		"쉑쉑": 111,
		"양장피": 110,
		"짜장면": 109,
		"팔보채": 105,
		"레드콤보": 96,
		"가오리찜": 83,
		"허니브레드": 82,
		"석쇠구이": 79,
		"지코바": 73,
		"밥버거": 58
	},
	"시원하다": {
		"물냉면": 2013,
		"비빔냉면": 1585,
		"해물탕": 1271,
		"소바": 1099,
		"빙수": 839,
		"스무디": 601,
		"아메리카노": 504,
		"해물찜": 435,
		"아이스크림": 404,
		"고추잡채": 397,
		"샤브샤브": 392,
		"갈비찜": 379,
		"매운돈까스": 363,
		"아귀찜": 354,
		"짬뽕": 352,
		"우동": 351,
		"만두": 350,
		"라떼": 345,
		"회": 327,
		"크로플": 325,
		"매운족발": 313,
		"순대국밥": 309,
		"치즈돈까스": 301,
		"쌀국수": 294,
		"잡채": 292,
		"돈까스": 287,
		"라멘": 286,
		"감자탕": 271,
		"족발": 271,
		"주꾸미": 269,
		"김치찌개": 268,
		"보쌈": 267,
		"고구마돈까스": 263,
		"돼지국밥": 260,
		"깐풍기": 256,
		"육회": 251,
		"와플": 244,
		"꿔바로우": 240,
		"닭갈비": 235,
		"차돌박이짬뽕": 232,
		"쫄면": 224,
		"매운갈비찜": 211,
		"감바스": 210,
		"김치볶음밥": 209,
		"간짜장": 205,
		"볶음밥": 203,
		"브라우니": 199,
		"마파두부": 195,
		"탕수육": 195,
		"간장치킨": 194,
		"삼겹살": 190,
		"양장피": 187,
		"만둣국": 185,
		"초밥": 185,
		"오뎅": 183,
		"양념게장": 177,
		"타코": 175,
		"불닭치킨": 175,
		"곱창": 172,
		"토스트": 172,
		"간장게장": 171,
		"짜장면": 171,
		"찜닭": 170,
		"김치찜": 169,
		"튀김": 166,
		"순대": 165,
		"토마토파스타": 162,
		"후라이드치킨": 159,
		"마카롱": 157,
		"잡채밥": 157,
		"양념치킨": 154,
		"김밥": 153,
		"마라탕": 150,
		"황금올리브": 150,
		"팔보채": 149,
		"카레": 146,
		"타르트": 141,
		"페퍼로니피자": 140,
		"크림파스타": 134,
		"유산슬": 132,
		"로제파스타": 131,
		"롯데리아": 126,
		"허니콤보": 125,
		"석쇠구이": 123,
		"고추바사삭": 118,
		"빠네": 118,
		"떡볶이": 117,
		"깐쇼새우": 105,
		"타코야키": 105,
		"스테이크피자": 98,
		"알리오올리오": 97,
		"허니브레드": 96,
		"뿌링클": 92,
		"핫도그": 91,
		"파닭": 88,
		"맥도날드": 87,
		"지코바": 84,
		"불고기피자": 78,
		"레드콤보": 77,
		"서브웨이": 76,
		"스테이크": 76,
		"가오리찜": 75,
		"KFC": 72,
		"로제떡볶이": 70,
		"치즈피자": 70,
		"하와이안피자": 67,
		"버거킹": 67,
		"콤비네이션피자": 63,
		"쉑쉑": 63,
		"블랙알리오": 58,
		"신전": 56,
		"엽떡": 55,
		"낙곱새": 48,
		"싸이버거": 46
	},
	"신선하다": {
		"회": 1425,
		"육회": 1145,
		"간장게장": 1039,
		"샤브샤브": 1026,
		"해물탕": 953,
		"양념게장": 937,
		"초밥": 920,
		"고추잡채": 565,
		"잡채": 531,
		"아메리카노": 528,
		"토마토파스타": 517,
		"감바스": 482,
		"스무디": 462,
		"해물찜": 454,
		"타코": 453,
		"서브웨이": 431,
		"꿔바로우": 382,
		"닭갈비": 381,
		"크림파스타": 367,
		"로제파스타": 351,
		"낙곱새": 331,
		"마파두부": 324,
		"알리오올리오": 310,
		"족발": 306,
		"양장피": 301,
		"라떼": 283,
		"주꾸미": 275,
		"소바": 271,
		"아귀찜": 270,
		"토스트": 259,
		"스테이크": 254,
		"만두": 250,
		"쌀국수": 240,
		"마라탕": 234,
		"김치찌개": 222,
		"양념치킨": 222,
		"김치볶음밥": 219,
		"곱창": 218,
		"보쌈": 213,
		"치즈돈까스": 209,
		"매운돈까스": 208,
		"유산슬": 207,
		"빠네": 207,
		"갈비찜": 205,
		"브라우니": 202,
		"우동": 202,
		"돈까스": 199,
		"고구마돈까스": 196,
		"카레": 195,
		"삼겹살": 193,
		"깐풍기": 191,
		"간장치킨": 188,
		"볶음밥": 188,
		"쫄면": 185,
		"치즈피자": 184,
		"팔보채": 181,
		"후라이드치킨": 181,
		"쉑쉑": 180,
		"매운족발": 179,
		"김밥": 174,
		"스테이크피자": 174,
		"만둣국": 167,
		"순대": 167,
		"순대국밥": 167,
		"짬뽕": 164,
		"타르트": 164,
		"케이크": 163,
		"오뎅": 163,
		"쉬림프피자": 161,
		"아이스크림": 159,
		"와플": 156,
		"파닭": 154,
		"비빔냉면": 151,
		"불고기피자": 148,
		"깐쇼새우": 146,
		"튀김": 146,
		"콤비네이션피자": 145,
		"고구마피자": 144,
		"돼지국밥": 141,
		"감자탕": 137,
		"싸이버거": 133,
		"물냉면": 131,
		"핫도그": 128,
		"찜닭": 125,
		"간짜장": 118,
		"페퍼로니피자": 118,
		"크로플": 116,
		"마카롱": 115,
		"잡채밥": 114,
		"빙수": 113,
		"김치찜": 112,
		"차돌박이짬뽕": 112,
		"탕수육": 112,
		"라멘": 96,
		"KFC": 96,
		"매운갈비찜": 87,
		"포테이토피자": 87,
		"짜장면": 85,
		"맥도날드": 84,
		"하와이안피자": 82,
		"타코야키": 81,
		"황금올리브": 76,
		"버거킹": 72,
		"가오리찜": 70,
		"로제떡볶이": 67,
		"떡볶이": 64,
		"롯데리아": 59,
		"블랙알리오": 58,
		"지코바": 44,
		"허니브레드": 42,
		"석쇠구이": 42,
		"밥버거": 15
	},
	"비리다": {
		"간장게장": 1032,
		"양념게장": 995,
		"초밥": 296,
		"회": 275,
		"아귀찜": 174,
		"해물탕": 172,
		"육회": 158,
		"해물찜": 128,
		"순대국밥": 111,
		"곱창": 109,
		"돼지국밥": 106,
		"소바": 84,
		"순대": 79,
		"김치찜": 75,
		"주꾸미": 72,
		"가오리찜": 54,
		"낙곱새": 49
	},
	"따뜻하다": {
		"보쌈": 551,
		"아메리카노": 449,
		"라떼": 423,
		"크로플": 414,
		"족발": 405,
		"순대국밥": 397,
		"삼겹살": 392,
		"스테이크": 356,
		"쌀국수": 331,
		"타르트": 324,
		"돼지국밥": 319,
		"토마토파스타": 310,
		"샤브샤브": 304,
		"소바": 304,
		"갈비찜": 303,
		"토스트": 299,
		"브라우니": 284,
		"매운돈까스": 282,
		"고추잡채": 277,
		"매운족발": 277,
		"해물탕": 277,
		"크림파스타": 276,
		"와플": 264,
		"치즈피자": 261,
		"돈까스": 260,
		"잡채": 259,
		"치즈돈까스": 251,
		"로제파스타": 247,
		"라멘": 246,
		"고구마돈까스": 245,
		"우동": 243,
		"곱창": 241,
		"카레": 241,
		"핫도그": 220,
		"불고기피자": 220,
		"김치찜": 215,
		"스무디": 215,
		"스테이크피자": 215,
		"비빔냉면": 214,
		"만두": 212,
		"초밥": 212,
		"페퍼로니피자": 211,
		"고구마피자": 200,
		"순대": 195,
		"감자탕": 192,
		"김치찌개": 191,
		"포테이토피자": 190,
		"아귀찜": 190,
		"감바스": 188,
		"콤비네이션피자": 188,
		"만둣국": 187,
		"닭갈비": 185,
		"롯데리아": 180,
		"김치볶음밥": 178,
		"맥도날드": 177,
		"마파두부": 174,
		"꿔바로우": 172,
		"타코": 171,
		"타코야키": 170,
		"쫄면": 169,
		"알리오올리오": 167,
		"물냉면": 166,
		"오뎅": 165,
		"쉬림프피자": 163,
		"김밥": 162,
		"KFC": 162,
		"양념게장": 161,
		"버거킹": 160,
		"해물찜": 155,
		"볶음밥": 152,
		"빙수": 152,
		"서브웨이": 149,
		"간장게장": 148,
		"유산슬": 147,
		"찜닭": 147,
		"튀김": 147,
		"깐풍기": 137,
		"양념치킨": 133,
		"떡볶이": 132,
		"육회": 125,
		"마카롱": 124,
		"탕수육": 124,
		"케이크": 122,
		"고추바사삭": 121,
		"후라이드치킨": 121,
		"빠네": 119,
		"주꾸미": 118,
		"뿌링클": 117,
		"아이스크림": 117,
		"불닭치킨": 116,
		"싸이버거": 114,
		"쉑쉑": 113,
		"하와이안피자": 112,
		"허니콤보": 111,
		"마라탕": 108,
		"짜장면": 107,
		"로제떡볶이": 106,
		"양장피": 106,
		"간장치킨": 104,
		"간짜장": 102,
		"허니브레드": 102,
		"잡채밥": 101,
		"짬뽕": 100,
		"매운갈비찜": 99,
		"황금올리브": 97,
		"지코바": 91,
		"회": 81,
		"깐쇼새우": 80,
		"팔보채": 74,
		"석쇠구이": 71,
		"파닭": 70,
		"엽떡": 67,
		"블랙알리오": 65,
		"신전": 64,
		"배떡": 61,
		"차돌박이짬뽕": 59,
		"낙곱새": 54,
		"레드콤보": 51,
		"가오리찜": 50,
		"밥버거": 38
	},
	"빨갛다": {
		"석쇠구이": 748,
		"찜닭": 689,
		"오뎅": 621,
		"고구마피자": 355,
		"떡볶이": 212,
		"불닭치킨": 202,
		"갈비찜": 187,
		"해물탕": 186,
		"순대국밥": 186,
		"꿔바로우": 181,
		"로제떡볶이": 181,
		"곱창": 173,
		"만두": 169,
		"양념게장": 169,
		"뿌링클": 168,
		"불고기피자": 156,
		"마라탕": 154,
		"아귀찜": 154,
		"주꾸미": 153,
		"로제파스타": 144,
		"스테이크피자": 143,
		"돼지국밥": 142,
		"샤브샤브": 141,
		"물냉면": 140,
		"쉬림프피자": 138,
		"신전": 138,
		"치즈피자": 137,
		"매운돈까스": 136,
		"비빔냉면": 131,
		"고추잡채": 128,
		"순대": 126,
		"라멘": 125,
		"해물찜": 125,
		"육회": 122,
		"크림파스타": 119,
		"엽떡": 119,
		"김밥": 117,
		"짬뽕": 117,
		"튀김": 117,
		"쫄면": 114,
		"포테이토피자": 113,
		"쌀국수": 113,
		"매운갈비찜": 111,
		"매운족발": 107,
		"마파두부": 106,
		"콤비네이션피자": 106,
		"잡채": 104,
		"깐풍기": 101,
		"카레": 101,
		"감바스": 100,
		"KFC": 100,
		"간장게장": 99,
		"배떡": 95,
		"간장치킨": 93,
		"닭갈비": 91,
		"김치찌개": 90,
		"김치볶음밥": 89,
		"우동": 85,
		"김치찜": 81,
		"양념치킨": 81,
		"하와이안피자": 77,
		"낙곱새": 75,
		"만둣국": 75,
		"볶음밥": 74,
		"페퍼로니피자": 73,
		"후라이드치킨": 73,
		"보쌈": 72,
		"짜장면": 71,
		"간짜장": 69,
		"레드콤보": 68,
		"버거킹": 65,
		"잡채밥": 64,
		"고구마돈까스": 63,
		"핫도그": 62,
		"족발": 62,
		"깐쇼새우": 57,
		"차돌박이짬뽕": 55,
		"지코바": 54,
		"유산슬": 53,
		"탕수육": 53,
		"가오리찜": 48,
		"팔보채": 46,
		"빠네": 40,
		"밥버거": 14
	},
	"칼칼하다": {
		"해물탕": 328,
		"김치찌개": 261,
		"짬뽕": 230,
		"라멘": 217,
		"감자탕": 171,
		"순대국밥": 158,
		"김치찜": 157,
		"아귀찜": 146,
		"샤브샤브": 139,
		"고추잡채": 138,
		"만두": 136,
		"해물찜": 131,
		"매운갈비찜": 129,
		"갈비찜": 125,
		"차돌박이짬뽕": 122,
		"간짜장": 121,
		"오뎅": 119,
		"꿔바로우": 117,
		"곱창": 116,
		"쌀국수": 110,
		"잡채밥": 94,
		"양념게장": 94,
		"낙곱새": 93,
		"마라탕": 91,
		"삼겹살": 91,
		"짜장면": 90,
		"우동": 90,
		"만둣국": 89,
		"찜닭": 89,
		"물냉면": 88,
		"탕수육": 86,
		"비빔냉면": 84,
		"회": 82,
		"깐풍기": 81,
		"잡채": 79,
		"순대": 78,
		"마파두부": 75,
		"떡볶이": 73,
		"매운돈까스": 73,
		"볶음밥": 71,
		"주꾸미": 69,
		"유산슬": 68,
		"팔보채": 68,
		"족발": 64,
		"깐쇼새우": 58,
		"양장피": 50,
		"신전": 48,
		"가오리찜": 46,
		"석쇠구이": 32
	},
	"얼큰하다": {
		"짬뽕": 616,
		"해물탕": 549,
		"감자탕": 484,
		"순대국밥": 470,
		"라멘": 299,
		"차돌박이짬뽕": 280,
		"샤브샤브": 270,
		"김치찌개": 255,
		"돼지국밥": 254,
		"마라탕": 247,
		"쌀국수": 242,
		"꿔바로우": 221,
		"고추잡채": 218,
		"짜장면": 196,
		"탕수육": 191,
		"순대": 176,
		"간짜장": 171,
		"우동": 155,
		"김치찜": 151,
		"잡채밥": 139,
		"깐풍기": 137,
		"회": 121,
		"볶음밥": 121,
		"곱창": 115,
		"만두": 110,
		"양장피": 108,
		"만둣국": 107,
		"유산슬": 104,
		"낙곱새": 101,
		"오뎅": 99,
		"팔보채": 94,
		"해물찜": 93,
		"깐쇼새우": 87,
		"크림파스타": 84,
		"마파두부": 80,
		"물냉면": 78,
		"삼겹살": 76,
		"매운갈비찜": 71,
		"아귀찜": 70,
		"김밥": 60,
		"가오리찜": 39,
		"석쇠구이": 38
	},
	"담백하다": {
		"고추바사삭": 490,
		"포테이토피자": 466,
		"고구마피자": 398,
		"라멘": 384,
		"치즈피자": 383,
		"쉬림프피자": 383,
		"순대국밥": 363,
		"돼지국밥": 330,
		"블랙알리오": 302,
		"불고기피자": 289,
		"페퍼로니피자": 287,
		"콤비네이션피자": 285,
		"샤브샤브": 285,
		"쌀국수": 278,
		"스테이크피자": 274,
		"고추잡채": 265,
		"후라이드치킨": 264,
		"토마토파스타": 251,
		"만두": 235,
		"알리오올리오": 216,
		"치즈돈까스": 214,
		"크림파스타": 211,
		"돈까스": 204,
		"간장치킨": 201,
		"서브웨이": 201,
		"타르트": 198,
		"소바": 198,
		"족발": 197,
		"매운돈까스": 195,
		"보쌈": 195,
		"꿔바로우": 192,
		"잡채": 182,
		"지코바": 181,
		"고구마돈까스": 178,
		"해물탕": 178,
		"하와이안피자": 172,
		"아메리카노": 168,
		"로제파스타": 167,
		"순대": 163,
		"만둣국": 161,
		"매운족발": 161,
		"회": 161,
		"양념치킨": 159,
		"물냉면": 158,
		"스테이크": 156,
		"카레": 155,
		"브라우니": 155,
		"불닭치킨": 154,
		"삼겹살": 152,
		"갈비찜": 151,
		"감바스": 150,
		"비빔냉면": 145,
		"마파두부": 144,
		"깐풍기": 142,
		"간장게장": 138,
		"타코": 132,
		"우동": 132,
		"아귀찜": 129,
		"마라탕": 128,
		"깐쇼새우": 127,
		"튀김": 125,
		"허니콤보": 125,
		"김밥": 123,
		"핫도그": 123,
		"볶음밥": 123,
		"토스트": 120,
		"감자탕": 118,
		"닭갈비": 117,
		"쫄면": 116,
		"버거킹": 116,
		"유산슬": 115,
		"육회": 112,
		"김치볶음밥": 111,
		"간짜장": 110,
		"황금올리브": 109,
		"라떼": 107,
		"해물찜": 107,
		"양념게장": 107,
		"짬뽕": 105,
		"와플": 104,
		"곱창": 102,
		"김치찌개": 100,
		"초밥": 98,
		"차돌박이짬뽕": 97,
		"김치찜": 96,
		"탕수육": 95,
		"마카롱": 94,
		"크로플": 93,
		"KFC": 90,
		"빠네": 90,
		"쉑쉑": 88,
		"양장피": 86,
		"스무디": 84,
		"잡채밥": 82,
		"찜닭": 79,
		"팔보채": 79,
		"롯데리아": 77,
		"파닭": 76,
		"짜장면": 70,
		"뿌링클": 68,
		"오뎅": 66,
		"맥도날드": 65,
		"싸이버거": 65,
		"레드콤보": 60,
		"케이크": 60,
		"석쇠구이": 50,
		"가오리찜": 36,
		"허니브레드": 22,
		"밥버거": 12
	},
	"건강하다": {
		"스무디": 598,
		"서브웨이": 479,
		"잡채": 410,
		"샤브샤브": 402,
		"고추잡채": 378,
		"마파두부": 359,
		"브라우니": 326,
		"토마토파스타": 295,
		"아메리카노": 271,
		"크림파스타": 269,
		"고구마피자": 254,
		"라떼": 229,
		"케이크": 226,
		"김치볶음밥": 222,
		"타코": 215,
		"알리오올리오": 215,
		"김밥": 212,
		"스테이크피자": 209,
		"갈비찜": 207,
		"카레": 202,
		"타르트": 197,
		"감바스": 191,
		"쌀국수": 190,
		"만두": 188,
		"치즈피자": 178,
		"핫도그": 176,
		"만둣국": 173,
		"아이스크림": 171,
		"볶음밥": 165,
		"콤비네이션피자": 163,
		"양념게장": 162,
		"소바": 154,
		"유산슬": 151,
		"포테이토피자": 149,
		"순대국밥": 145,
		"쉬림프피자": 144,
		"간장게장": 141,
		"토스트": 140,
		"불고기피자": 136,
		"해물탕": 134,
		"돼지국밥": 131,
		"팔보채": 131,
		"김치찌개": 123,
		"페퍼로니피자": 122,
		"간장치킨": 120,
		"로제파스타": 119,
		"스테이크": 116,
		"순대": 115,
		"깐풍기": 114,
		"후라이드치킨": 110,
		"김치찜": 106,
		"물냉면": 102,
		"오뎅": 101,
		"마카롱": 99,
		"빙수": 99,
		"비빔냉면": 96,
		"와플": 95,
		"찜닭": 91,
		"튀김": 91,
		"닭갈비": 90,
		"주꾸미": 89,
		"황금올리브": 89,
		"매운돈까스": 88,
		"양념치킨": 87,
		"해물찜": 85,
		"양장피": 85,
		"보쌈": 84,
		"고구마돈까스": 83,
		"깐쇼새우": 81,
		"치즈돈까스": 81,
		"감자탕": 78,
		"고추바사삭": 78,
		"쫄면": 72,
		"삼겹살": 71,
		"하와이안피자": 70,
		"육회": 67,
		"쉑쉑": 67,
		"초밥": 65,
		"떡볶이": 59,
		"허니콤보": 58,
		"블랙알리오": 58,
		"돈까스": 55,
		"잡채밥": 52,
		"지코바": 51,
		"파닭": 51,
		"빠네": 45,
		"타코야키": 35,
		"허니브레드": 34,
		"가오리찜": 31,
		"밥버거": 14
	},
	"촉촉하다": {
		"타르트": 431,
		"고추바사삭": 414,
		"브라우니": 388,
		"황금올리브": 357,
		"블랙알리오": 339,
		"간장치킨": 331,
		"후라이드치킨": 319,
		"양념치킨": 312,
		"크로플": 250,
		"매운돈까스": 243,
		"보쌈": 242,
		"돈까스": 226,
		"KFC": 225,
		"족발": 221,
		"치즈돈까스": 220,
		"케이크": 218,
		"만두": 217,
		"허니콤보": 216,
		"불닭치킨": 212,
		"토마토파스타": 207,
		"고구마돈까스": 205,
		"크림파스타": 185,
		"와플": 180,
		"스테이크": 173,
		"감바스": 172,
		"로제파스타": 172,
		"뿌링클": 170,
		"아메리카노": 168,
		"알리오올리오": 166,
		"고추잡채": 164,
		"라멘": 161,
		"튀김": 159,
		"빠네": 153,
		"매운족발": 147,
		"소바": 147,
		"토스트": 146,
		"깐풍기": 143,
		"라떼": 138,
		"찜닭": 138,
		"싸이버거": 133,
		"스테이크피자": 130,
		"꿔바로우": 126,
		"레드콤보": 124,
		"마카롱": 121,
		"콤비네이션피자": 119,
		"핫도그": 118,
		"탕수육": 118,
		"치즈피자": 117,
		"카레": 117,
		"파닭": 117,
		"페퍼로니피자": 114,
		"불고기피자": 114,
		"포테이토피자": 113,
		"서브웨이": 112,
		"롯데리아": 109,
		"돼지국밥": 107,
		"쉑쉑": 107,
		"간짜장": 106,
		"고구마피자": 106,
		"버거킹": 104,
		"맥도날드": 100,
		"잡채": 99,
		"지코바": 99,
		"비빔냉면": 98,
		"우동": 97,
		"갈비찜": 96,
		"쫄면": 96,
		"삼겹살": 93,
		"쉬림프피자": 93,
		"타코야키": 90,
		"스무디": 90,
		"로제떡볶이": 87,
		"쌀국수": 87,
		"오뎅": 87,
		"마파두부": 86,
		"김치볶음밥": 84,
		"순대": 84,
		"닭갈비": 83,
		"떡볶이": 80,
		"만둣국": 79,
		"초밥": 79,
		"타코": 79,
		"매운갈비찜": 77,
		"물냉면": 76,
		"김밥": 74,
		"깐쇼새우": 74,
		"허니브레드": 73,
		"김치찌개": 72,
		"유산슬": 69,
		"아귀찜": 69,
		"김치찜": 67,
		"짜장면": 61,
		"아이스크림": 58,
		"잡채밥": 50,
		"팔보채": 50,
		"차돌박이짬뽕": 49,
		"하와이안피자": 47,
		"엽떡": 44,
		"배떡": 43,
		"양장피": 40,
		"석쇠구이": 33,
		"신전": 33,
		"가오리찜": 30
	},
	"끝내주다": {
		"해물탕": 147,
		"감자탕": 75,
		"해물찜": 64,
		"가오리찜": 21
	},
	"편안하다": {
		"해물탕": 115,
		"크로플": 112,
		"샤브샤브": 99,
		"회": 91,
		"스무디": 89,
		"토마토파스타": 88,
		"치즈돈까스": 69,
		"닭갈비": 60,
		"스테이크": 58,
		"빙수": 50,
		"빠네": 48,
		"석쇠구이": 35,
		"허니브레드": 30,
		"가오리찜": 21,
		"밥버거": 11
	},
	"하얗다": {
		"양념치킨": 111,
		"짬뽕": 109,
		"아귀찜": 85,
		"찜닭": 75,
		"간짜장": 74,
		"탕수육": 73,
		"만두": 67,
		"빙수": 66,
		"싸이버거": 63,
		"뿌링클": 56,
		"잡채밥": 55,
		"김밥": 50,
		"차돌박이짬뽕": 45,
		"팔보채": 39,
		"가오리찜": 21
	},
	"진하다": {
		"라멘": 886,
		"돼지국밥": 665,
		"순대국밥": 647,
		"마카롱": 616,
		"브라우니": 544,
		"라떼": 509,
		"쌀국수": 452,
		"카레": 436,
		"아메리카노": 403,
		"감자탕": 387,
		"짬뽕": 374,
		"크림파스타": 373,
		"크로플": 369,
		"아이스크림": 358,
		"블랙알리오": 346,
		"샤브샤브": 332,
		"토마토파스타": 321,
		"스무디": 314,
		"타르트": 291,
		"간짜장": 287,
		"소바": 283,
		"로제파스타": 274,
		"차돌박이짬뽕": 255,
		"김치찌개": 246,
		"만둣국": 244,
		"꿔바로우": 241,
		"케이크": 234,
		"마라탕": 223,
		"순대": 222,
		"로제떡볶이": 219,
		"갈비찜": 213,
		"해물탕": 210,
		"비빔냉면": 209,
		"물냉면": 207,
		"와플": 205,
		"고추잡채": 196,
		"우동": 179,
		"알리오올리오": 165,
		"감바스": 163,
		"고추바사삭": 162,
		"쉬림프피자": 159,
		"스테이크피자": 159,
		"버거킹": 152,
		"잡채밥": 151,
		"매운돈까스": 147,
		"닭갈비": 145,
		"빙수": 144,
		"치즈돈까스": 142,
		"김치찜": 141,
		"치즈피자": 140,
		"마파두부": 138,
		"페퍼로니피자": 134,
		"떡볶이": 133,
		"배떡": 133,
		"탕수육": 131,
		"짜장면": 130,
		"깐풍기": 129,
		"빠네": 128,
		"볶음밥": 126,
		"찜닭": 125,
		"간장치킨": 124,
		"잡채": 124,
		"토스트": 121,
		"양념게장": 121,
		"간장게장": 120,
		"서브웨이": 120,
		"돈까스": 111,
		"스테이크": 111,
		"회": 109,
		"곱창": 108,
		"만두": 108,
		"오뎅": 104,
		"고구마피자": 102,
		"유산슬": 101,
		"포테이토피자": 101,
		"깐쇼새우": 97,
		"팔보채": 97,
		"쫄면": 96,
		"핫도그": 95,
		"KFC": 95,
		"불고기피자": 93,
		"김치볶음밥": 92,
		"타코": 92,
		"양장피": 92,
		"삼겹살": 91,
		"고구마돈까스": 89,
		"튀김": 89,
		"육회": 87,
		"불닭치킨": 87,
		"쉑쉑": 87,
		"초밥": 82,
		"낙곱새": 80,
		"콤비네이션피자": 80,
		"뿌링클": 79,
		"롯데리아": 77,
		"황금올리브": 73,
		"엽떡": 73,
		"맥도날드": 72,
		"매운갈비찜": 70,
		"후라이드치킨": 69,
		"주꾸미": 68,
		"김밥": 67,
		"지코바": 67,
		"하와이안피자": 65,
		"족발": 64,
		"허니브레드": 62,
		"매운족발": 61,
		"허니콤보": 60,
		"타코야키": 50,
		"싸이버거": 46,
		"신전": 33,
		"석쇠구이": 32,
		"가오리찜": 20
	},
	"달콤하다": {
		"마카롱": 800,
		"고구마피자": 564,
		"타르트": 557,
		"허니콤보": 525,
		"크로플": 469,
		"꿔바로우": 435,
		"브라우니": 415,
		"쉬림프피자": 390,
		"양념치킨": 390,
		"빙수": 387,
		"라떼": 381,
		"스무디": 378,
		"와플": 369,
		"아이스크림": 357,
		"간장치킨": 353,
		"아메리카노": 343,
		"고구마돈까스": 322,
		"쫄면": 301,
		"토스트": 269,
		"깐풍기": 267,
		"치즈피자": 263,
		"탕수육": 260,
		"불닭치킨": 259,
		"비빔냉면": 259,
		"케이크": 256,
		"족발": 255,
		"보쌈": 255,
		"불고기피자": 240,
		"스테이크피자": 238,
		"고추바사삭": 225,
		"뿌링클": 218,
		"후라이드치킨": 217,
		"하와이안피자": 207,
		"포테이토피자": 205,
		"물냉면": 201,
		"매운족발": 197,
		"고추잡채": 191,
		"양념게장": 182,
		"돈까스": 176,
		"페퍼로니피자": 175,
		"서브웨이": 175,
		"토마토파스타": 170,
		"치즈돈까스": 169,
		"깐쇼새우": 167,
		"갈비찜": 166,
		"매운돈까스": 165,
		"파닭": 164,
		"크림파스타": 160,
		"황금올리브": 158,
		"블랙알리오": 158,
		"KFC": 156,
		"튀김": 155,
		"스테이크": 153,
		"핫도그": 148,
		"로제파스타": 142,
		"허니브레드": 141,
		"짬뽕": 138,
		"싸이버거": 138,
		"레드콤보": 137,
		"짜장면": 126,
		"간장게장": 125,
		"닭갈비": 125,
		"감바스": 124,
		"떡볶이": 124,
		"잡채": 124,
		"쌀국수": 123,
		"알리오올리오": 122,
		"해물탕": 118,
		"오뎅": 118,
		"김밥": 114,
		"찜닭": 113,
		"만두": 112,
		"육회": 112,
		"샤브샤브": 111,
		"간짜장": 108,
		"콤비네이션피자": 108,
		"로제떡볶이": 101,
		"소바": 99,
		"우동": 99,
		"마파두부": 98,
		"마라탕": 96,
		"카레": 96,
		"타코": 95,
		"버거킹": 93,
		"빠네": 92,
		"김치볶음밥": 90,
		"삼겹살": 90,
		"맥도날드": 89,
		"지코바": 88,
		"유산슬": 87,
		"볶음밥": 87,
		"초밥": 86,
		"양장피": 85,
		"주꾸미": 82,
		"차돌박이짬뽕": 77,
		"매운갈비찜": 71,
		"롯데리아": 69,
		"팔보채": 66,
		"곱창": 63,
		"타코야키": 56,
		"잡채밥": 53,
		"엽떡": 53,
		"석쇠구이": 51,
		"신전": 48,
		"쉑쉑": 45,
		"배떡": 42,
		"가오리찜": 19,
		"밥버거": 17
	},
	"숙성하다": {
		"간장게장": 116,
		"양념게장": 115
	},
	"커다랗다": {
		"해물찜": 122,
		"간장게장": 114,
		"감자탕": 102,
		"갈비찜": 87
	},
	"튼실하다": {
		"간장게장": 111,
		"양념게장": 88
	},
	"진정하다": {
		"간장게장": 110
	},
	"단단하다": {
		"간장게장": 102,
		"마카롱": 68,
		"브라우니": 65
	},
	"탱글탱글하다": {
		"쉬림프피자": 137,
		"주꾸미": 114,
		"간장게장": 97,
		"감바스": 96,
		"양념게장": 95,
		"소바": 85,
		"회": 75,
		"족발": 69,
		"초밥": 61,
		"낙곱새": 55
	},
	"느끼하다": {
		"크림파스타": 1091,
		"로제파스타": 1003,
		"로제떡볶이": 928,
		"배떡": 908,
		"고추바사삭": 817,
		"토마토파스타": 817,
		"매운돈까스": 777,
		"치즈돈까스": 739,
		"치즈피자": 709,
		"블랙알리오": 706,
		"고구마돈까스": 686,
		"뿌링클": 657,
		"쉬림프피자": 646,
		"페퍼로니피자": 635,
		"돈까스": 621,
		"포테이토피자": 619,
		"스테이크피자": 568,
		"불고기피자": 563,
		"라멘": 561,
		"고구마피자": 559,
		"후라이드치킨": 515,
		"버거킹": 515,
		"허니콤보": 512,
		"KFC": 500,
		"감바스": 488,
		"알리오올리오": 488,
		"양념치킨": 475,
		"파닭": 474,
		"황금올리브": 446,
		"스테이크": 439,
		"간장치킨": 425,
		"와플": 424,
		"불닭치킨": 421,
		"싸이버거": 419,
		"튀김": 396,
		"핫도그": 390,
		"떡볶이": 367,
		"소바": 364,
		"빠네": 359,
		"곱창": 344,
		"삼겹살": 340,
		"콤비네이션피자": 335,
		"쉑쉑": 328,
		"깐풍기": 315,
		"고추잡채": 306,
		"탕수육": 301,
		"쫄면": 296,
		"롯데리아": 294,
		"엽떡": 277,
		"족발": 274,
		"토스트": 272,
		"카레": 268,
		"보쌈": 268,
		"맥도날드": 263,
		"마카롱": 257,
		"타코": 256,
		"하와이안피자": 252,
		"간짜장": 250,
		"꿔바로우": 247,
		"볶음밥": 244,
		"타르트": 242,
		"매운족발": 241,
		"레드콤보": 235,
		"김치볶음밥": 225,
		"잡채밥": 224,
		"짬뽕": 217,
		"찜닭": 214,
		"타코야키": 207,
		"브라우니": 198,
		"김밥": 190,
		"서브웨이": 188,
		"오뎅": 188,
		"짜장면": 186,
		"우동": 184,
		"만두": 182,
		"초밥": 177,
		"육회": 174,
		"신전": 169,
		"아메리카노": 166,
		"깐쇼새우": 164,
		"차돌박이짬뽕": 160,
		"순대": 158,
		"잡채": 150,
		"지코바": 149,
		"케이크": 145,
		"크로플": 145,
		"비빔냉면": 143,
		"회": 140,
		"양장피": 137,
		"쌀국수": 136,
		"물냉면": 131,
		"갈비찜": 129,
		"돼지국밥": 129,
		"순대국밥": 128,
		"라떼": 127,
		"유산슬": 124,
		"스무디": 124,
		"마파두부": 123,
		"낙곱새": 120,
		"김치찌개": 118,
		"마라탕": 116,
		"닭갈비": 111,
		"만둣국": 108,
		"팔보채": 99,
		"김치찜": 93,
		"아이스크림": 93,
		"샤브샤브": 81,
		"주꾸미": 73,
		"밥버거": 70,
		"매운갈비찜": 65,
		"석쇠구이": 46,
		"허니브레드": 26
	},
	"푸르다": {
		"블랙알리오": 8279,
		"알리오올리오": 997,
		"간장치킨": 336,
		"후라이드치킨": 227,
		"양념치킨": 169,
		"불닭치킨": 162,
		"불고기피자": 104,
		"튀김": 81,
		"깐풍기": 68,
		"황금올리브": 63,
		"뿌링클": 57,
		"레드콤보": 39
	},
	"바삭바삭하다": {
		"후라이드치킨": 546,
		"황금올리브": 439,
		"매운돈까스": 320,
		"간장치킨": 310,
		"양념치킨": 307,
		"고구마돈까스": 306,
		"돈까스": 304,
		"치즈돈까스": 271,
		"튀김": 234,
		"허니콤보": 200,
		"탕수육": 197,
		"꿔바로우": 195,
		"고추바사삭": 190,
		"파닭": 181,
		"불닭치킨": 164,
		"KFC": 162,
		"와플": 160,
		"로제떡볶이": 152,
		"떡볶이": 151,
		"핫도그": 144,
		"크로플": 139,
		"뿌링클": 130,
		"깐풍기": 129,
		"카레": 128,
		"짬뽕": 123,
		"싸이버거": 121,
		"타르트": 114,
		"레드콤보": 108,
		"짜장면": 107,
		"만두": 103,
		"우동": 98,
		"소바": 95,
		"스테이크피자": 86,
		"오뎅": 85,
		"로제파스타": 83,
		"블랙알리오": 82,
		"페퍼로니피자": 81,
		"포테이토피자": 81,
		"타코": 79,
		"배떡": 78,
		"간짜장": 73,
		"쫄면": 63,
		"롯데리아": 61,
		"신전": 59,
		"김밥": 58,
		"깐쇼새우": 55,
		"하와이안피자": 42,
		"엽떡": 40,
		"빠네": 39
	},
	"짭짤하다": {
		"페퍼로니피자": 276,
		"허니콤보": 259,
		"간장치킨": 178,
		"레드콤보": 165,
		"뿌링클": 144,
		"KFC": 142,
		"포테이토피자": 127,
		"싸이버거": 123,
		"블랙알리오": 117,
		"서브웨이": 104,
		"크림파스타": 103,
		"치즈피자": 98,
		"고구마피자": 95,
		"후라이드치킨": 94,
		"불고기피자": 94,
		"쉑쉑": 92,
		"토마토파스타": 84,
		"맥도날드": 83,
		"쉬림프피자": 83,
		"타코": 80,
		"하와이안피자": 80,
		"콤비네이션피자": 79,
		"튀김": 78,
		"로제파스타": 73,
		"불닭치킨": 73,
		"양념치킨": 69,
		"지코바": 67,
		"스테이크": 66,
		"버거킹": 65,
		"알리오올리오": 65,
		"롯데리아": 57,
		"타코야키": 43
	},
	"알싸하다": {
		"고추바사삭": 267,
		"마라탕": 160,
		"파닭": 148,
		"꿔바로우": 121,
		"간장치킨": 106,
		"블랙알리오": 85,
		"후라이드치킨": 80,
		"양념치킨": 80,
		"황금올리브": 73,
		"불닭치킨": 73,
		"족발": 70,
		"보쌈": 70,
		"양장피": 66,
		"매운족발": 62
	},
	"뜨겁다": {
		"쌀국수": 312,
		"순대국밥": 309,
		"돼지국밥": 233,
		"샤브샤브": 216,
		"라멘": 181,
		"꿔바로우": 161,
		"순대": 159,
		"잡채": 158,
		"토마토파스타": 155,
		"오뎅": 154,
		"크림파스타": 151,
		"우동": 151,
		"타코야키": 149,
		"치즈피자": 143,
		"고추잡채": 141,
		"로제파스타": 139,
		"갈비찜": 138,
		"감자탕": 136,
		"마라탕": 135,
		"아메리카노": 135,
		"후라이드치킨": 133,
		"김치찜": 129,
		"콤비네이션피자": 127,
		"황금올리브": 125,
		"엽떡": 124,
		"해물탕": 121,
		"치즈돈까스": 118,
		"라떼": 117,
		"매운갈비찜": 114,
		"페퍼로니피자": 114,
		"불닭치킨": 114,
		"김치볶음밥": 113,
		"뿌링클": 113,
		"고구마피자": 111,
		"짬뽕": 111,
		"카레": 111,
		"물냉면": 111,
		"만두": 109,
		"소바": 109,
		"비빔냉면": 108,
		"탕수육": 107,
		"깐풍기": 106,
		"매운돈까스": 106,
		"마파두부": 104,
		"간짜장": 103,
		"곱창": 101,
		"고구마돈까스": 100,
		"타르트": 99,
		"스테이크피자": 99,
		"브라우니": 98,
		"아귀찜": 98,
		"감바스": 97,
		"김치찌개": 95,
		"쫄면": 95,
		"쉬림프피자": 95,
		"돈까스": 94,
		"포테이토피자": 94,
		"튀김": 93,
		"불고기피자": 93,
		"핫도그": 91,
		"찜닭": 90,
		"로제떡볶이": 89,
		"삼겹살": 88,
		"양념치킨": 85,
		"간장치킨": 84,
		"만둣국": 83,
		"와플": 83,
		"허니콤보": 81,
		"떡볶이": 80,
		"볶음밥": 80,
		"닭갈비": 79,
		"크로플": 79,
		"스테이크": 79,
		"짜장면": 75,
		"KFC": 75,
		"고추바사삭": 73,
		"주꾸미": 73,
		"스무디": 72,
		"알리오올리오": 72,
		"잡채밥": 71,
		"타코": 71,
		"신전": 71,
		"싸이버거": 70,
		"김밥": 69,
		"양장피": 67,
		"토스트": 65,
		"맥도날드": 64,
		"빠네": 64,
		"깐쇼새우": 63,
		"유산슬": 63,
		"해물찜": 63,
		"롯데리아": 61,
		"하와이안피자": 60,
		"보쌈": 60,
		"아이스크림": 58,
		"지코바": 57,
		"차돌박이짬뽕": 57,
		"배떡": 56,
		"빙수": 52,
		"팔보채": 46,
		"레드콤보": 45,
		"석쇠구이": 44,
		"낙곱새": 40,
		"허니브레드": 23,
		"밥버거": 9
	},
	"짠하다": {
		"간장치킨": 67
	},
	"싱겁다": {
		"잡채": 121,
		"김치볶음밥": 96,
		"닭갈비": 89,
		"김치찌개": 77,
		"마파두부": 77,
		"간짜장": 74,
		"볶음밥": 70,
		"잡채밥": 57,
		"알리오올리오": 55,
		"김밥": 54,
		"낙곱새": 46,
		"유산슬": 45
	},
	"구수하다": {
		"돼지국밥": 206,
		"순대국밥": 194,
		"감자탕": 156,
		"라멘": 155,
		"순대": 73,
		"간짜장": 68
	},
	"야들야들하다": {
		"족발": 326,
		"매운족발": 264,
		"보쌈": 238,
		"갈비찜": 171,
		"김치찜": 118,
		"감자탕": 115,
		"돼지국밥": 112,
		"매운갈비찜": 102,
		"지코바": 47,
		"레드콤보": 37
	},
	"뜨끈하다": {
		"순대국밥": 544,
		"돼지국밥": 411,
		"쌀국수": 278,
		"감자탕": 265,
		"해물탕": 242,
		"샤브샤브": 209,
		"순대": 185,
		"라멘": 151,
		"갈비찜": 143,
		"만두": 139,
		"만둣국": 135,
		"우동": 133,
		"김치찌개": 122,
		"치즈피자": 113,
		"아귀찜": 108,
		"마라탕": 101,
		"곱창": 99,
		"김치찜": 97,
		"삼겹살": 92,
		"콤비네이션피자": 90,
		"고구마돈까스": 89,
		"오뎅": 88,
		"족발": 84,
		"짬뽕": 84,
		"포테이토피자": 82,
		"돈까스": 80,
		"매운돈까스": 80,
		"핫도그": 80,
		"토마토파스타": 78,
		"보쌈": 78,
		"불고기피자": 78,
		"볶음밥": 77,
		"고구마피자": 75,
		"비빔냉면": 75,
		"초밥": 74,
		"해물찜": 74,
		"찜닭": 73,
		"스테이크피자": 73,
		"김치볶음밥": 72,
		"쫄면": 71,
		"매운족발": 70,
		"치즈돈까스": 70,
		"떡볶이": 68,
		"닭갈비": 65,
		"매운갈비찜": 58,
		"김밥": 48,
		"차돌박이짬뽕": 47,
		"타코야키": 39
	},
	"연하다": {
		"갈비찜": 105
	},
	"근사하다": {
		"감바스": 128,
		"고추잡채": 97
	},
	"풍부하다": {
		"치즈피자": 251,
		"스테이크피자": 199,
		"쉬림프피자": 181,
		"고구마피자": 152,
		"콤비네이션피자": 151,
		"포테이토피자": 148,
		"토마토파스타": 143,
		"불고기피자": 142,
		"페퍼로니피자": 138,
		"스무디": 127,
		"감바스": 97,
		"크림파스타": 92,
		"로제파스타": 91,
		"알리오올리오": 91,
		"회": 84,
		"아메리카노": 77,
		"스테이크": 75,
		"마파두부": 73,
		"김치볶음밥": 70,
		"라떼": 70,
		"토스트": 70,
		"하와이안피자": 70,
		"서브웨이": 67,
		"버거킹": 66,
		"아귀찜": 64,
		"치즈돈까스": 63,
		"타르트": 62,
		"해물찜": 62,
		"고추바사삭": 57,
		"유산슬": 56,
		"돈까스": 52,
		"빠네": 44
	},
	"오동통하다": {
		"주꾸미": 139,
		"쉬림프피자": 109,
		"감바스": 96,
		"아귀찜": 94,
		"해물찜": 91,
		"낙곱새": 66,
		"깐쇼새우": 55
	},
	"남다르다": {
		"감자탕": 346
	},
	"쌀쌀하다": {
		"순대국밥": 118,
		"샤브샤브": 82,
		"감자탕": 75,
		"만둣국": 56
	},
	"도톰하다": {
		"회": 244,
		"초밥": 129,
		"매운돈까스": 128,
		"치즈돈까스": 127,
		"돈까스": 108,
		"고구마돈까스": 98,
		"페퍼로니피자": 79,
		"스테이크피자": 74,
		"쉬림프피자": 73,
		"싸이버거": 68,
		"고구마피자": 65,
		"포테이토피자": 59,
		"토스트": 51,
		"육회": 49
	},
	"붉다": {
		"버거킹": 267,
		"불닭치킨": 194,
		"황금올리브": 77,
		"회": 77,
		"초밥": 63,
		"고구마돈까스": 60,
		"케이크": 52
	},
	"따끈하다": {
		"보쌈": 107,
		"치즈피자": 85,
		"우동": 84,
		"고구마피자": 80,
		"쌀국수": 80,
		"족발": 78,
		"돈까스": 67,
		"치즈돈까스": 65,
		"핫도그": 61,
		"아메리카노": 60,
		"토스트": 58,
		"만둣국": 56,
		"고구마돈까스": 54,
		"타코야키": 41
	},
	"따끈따끈하다": {
		"치즈피자": 105,
		"스테이크피자": 93,
		"고구마피자": 92,
		"포테이토피자": 90,
		"불고기피자": 85,
		"쉬림프피자": 80,
		"핫도그": 66,
		"콤비네이션피자": 61,
		"스테이크": 58,
		"하와이안피자": 32
	},
	"은은하다": {
		"마카롱": 127,
		"고추바사삭": 118,
		"크로플": 118,
		"라떼": 93,
		"타르트": 89,
		"토마토파스타": 81,
		"브라우니": 71,
		"아메리카노": 71,
		"케이크": 66,
		"매운족발": 61,
		"석쇠구이": 33
	},
	"덜하다": {
		"고추바사삭": 105,
		"엽떡": 44
	},
	"심하다": {
		"곱창": 75,
		"허니콤보": 57,
		"뿌링클": 52,
		"아이스크림": 51,
		"고추바사삭": 48,
		"엽떡": 48,
		"양장피": 37
	},
	"옳다": {
		"뿌링클": 59,
		"고추바사삭": 47
	},
	"차갑다": {
		"소바": 200,
		"마카롱": 197,
		"물냉면": 190,
		"브라우니": 185,
		"비빔냉면": 183,
		"타르트": 152,
		"스무디": 138,
		"라떼": 137,
		"아메리카노": 137,
		"빙수": 121,
		"와플": 111,
		"아이스크림": 98,
		"고추잡채": 96,
		"크로플": 89,
		"케이크": 72,
		"버거킹": 71,
		"초밥": 70,
		"족발": 69,
		"쫄면": 69,
		"서브웨이": 69,
		"양장피": 64,
		"매운족발": 63,
		"KFC": 61,
		"육회": 60,
		"맥도날드": 58,
		"싸이버거": 46,
		"허니브레드": 29
	},
	"불타다": {
		"주꾸미": 77,
		"곱창": 75
	},
	"무섭다": {
		"김치볶음밥": 69,
		"라떼": 65,
		"브라우니": 65,
		"엽떡": 55,
		"허니브레드": 25
	},
	"망하다": {
		"김치찌개": 76
	},
	"자작하다": {
		"낙곱새": 89,
		"김치찜": 80,
		"주꾸미": 70
	},
	"딱딱하다": {
		"탕수육": 201,
		"브라우니": 115,
		"타르트": 106,
		"삼겹살": 102,
		"콤비네이션피자": 100,
		"짬뽕": 98,
		"양념게장": 93,
		"마카롱": 91,
		"크로플": 89,
		"아이스크림": 86,
		"짜장면": 84,
		"깐풍기": 75,
		"페퍼로니피자": 74,
		"지코바": 71,
		"와플": 60,
		"빙수": 56,
		"엽떡": 50,
		"파닭": 44,
		"빠네": 40,
		"신전": 37,
		"허니브레드": 31
	},
	"얼얼하다": {
		"마라탕": 942,
		"꿔바로우": 421,
		"마파두부": 69
	},
	"시큼하다": {
		"꿔바로우": 126
	},
	"실패하다": {
		"낙곱새": 31,
		"밥버거": 12
	},
	"알맞다": {
		"삼겹살": 72,
		"스테이크": 64,
		"닭갈비": 55
	},
	"딱하다": {
		"서브웨이": 88,
		"버거킹": 72,
		"롯데리아": 56,
		"돈까스": 50,
		"배떡": 39,
		"쉑쉑": 39
	},
	"뽀얗다": {
		"돼지국밥": 391,
		"순대국밥": 332,
		"라멘": 111,
		"순대": 84
	},
	"순하다": {
		"신전": 216,
		"로제떡볶이": 189,
		"배떡": 152,
		"떡볶이": 141,
		"지코바": 137,
		"찜닭": 111,
		"아귀찜": 105,
		"해물찜": 100,
		"매운갈비찜": 81,
		"마라탕": 79,
		"주꾸미": 78,
		"튀김": 71,
		"엽떡": 71,
		"오뎅": 71
	},
	"짧다": {
		"배떡": 104,
		"로제떡볶이": 84,
		"떡볶이": 75,
		"엽떡": 41,
		"쉑쉑": 36,
		"레드콤보": 33
	},
	"길쭉하다": {
		"떡볶이": 75,
		"로제떡볶이": 66,
		"배떡": 59,
		"신전": 34
	},
	"다행하다": {
		"소바": 78,
		"카레": 75,
		"허니콤보": 72,
		"라떼": 71,
		"황금올리브": 71,
		"로제떡볶이": 68,
		"후라이드치킨": 64,
		"배떡": 64,
		"스무디": 63,
		"맥도날드": 62,
		"알리오올리오": 60,
		"빙수": 58,
		"뿌링클": 57,
		"롯데리아": 55,
		"토스트": 55,
		"아이스크림": 53,
		"쉑쉑": 47,
		"타코야키": 38,
		"신전": 38,
		"레드콤보": 35,
		"허니브레드": 20
	},
	"불편하다": {
		"양념게장": 109,
		"스무디": 89,
		"크로플": 80,
		"타코": 80,
		"서브웨이": 74,
		"KFC": 73,
		"라떼": 67,
		"싸이버거": 65,
		"아메리카노": 65,
		"맥도날드": 60,
		"와플": 58,
		"빙수": 57,
		"아이스크림": 56,
		"쉑쉑": 55,
		"밥버거": 13
	},
	"곱다": {
		"라멘": 155,
		"회": 87,
		"육회": 68,
		"빙수": 59
	},
	"좁다": {
		"라멘": 91
	},
	"정직하다": {
		"허니콤보": 139,
		"레드콤보": 87
	},
	"쓰리다": {
		"양념치킨": 114,
		"불닭치킨": 86,
		"엽떡": 69,
		"레드콤보": 39
	},
	"묽다": {
		"카레": 128,
		"크림파스타": 83,
		"로제떡볶이": 69,
		"배떡": 42
	},
	"추하다": {
		"로제떡볶이": 67,
		"배떡": 57,
		"육회": 48
	},
	"까맣다": {
		"찜닭": 953,
		"로제파스타": 84
	},
	"약하다": {
		"마라탕": 120,
		"매운갈비찜": 79
	},
	"뚱뚱하다": {
		"마카롱": 81
	},
	"소소하다": {
		"잡채": 84,
		"마카롱": 78
	},
	"알록달록하다": {
		"마카롱": 71
	},
	"사랑스럽다": {
		"마카롱": 70,
		"케이크": 52
	},
	"개운하다": {
		"해물탕": 152,
		"물냉면": 80,
		"쌀국수": 79,
		"비빔냉면": 65,
		"매운돈까스": 64,
		"보쌈": 58,
		"만둣국": 57,
		"차돌박이짬뽕": 46,
		"팔보채": 42
	},
	"화끈하다": {
		"불닭치킨": 199,
		"매운족발": 62,
		"매운갈비찜": 60
	},
	"대단하다": {
		"맥도날드": 82
	},
	"죄송하다": {
		"맥도날드": 62
	},
	"동일하다": {
		"버거킹": 59,
		"맥도날드": 53,
		"케이크": 51,
		"롯데리아": 49
	},
	"명랑하다": {
		"핫도그": 323
	},
	"부실하다": {
		"롯데리아": 48
	},
	"재미있다": {
		"아이스크림": 63,
		"롯데리아": 48
	},
	"걸쭉하다": {
		"유산슬": 93
	},
	"놀래다": {
		"육회": 50,
		"밥버거": 10
	},
	"설레다": {
		"타르트": 78,
		"허니콤보": 73,
		"육회": 49,
		"지코바": 44
	},
	"눅눅하다": {
		"탕수육": 245,
		"튀김": 226,
		"후라이드치킨": 222,
		"KFC": 210,
		"치즈돈까스": 196,
		"크로플": 180,
		"허니콤보": 172,
		"파닭": 161,
		"짬뽕": 143,
		"황금올리브": 134,
		"카레": 116,
		"짜장면": 106,
		"토스트": 83,
		"타코": 76,
		"타코야키": 58,
		"허니브레드": 21
	},
	"반갑다": {
		"잡채": 95,
		"KFC": 83,
		"토스트": 58,
		"잡채밥": 53,
		"허니브레드": 23
	},
	"쎄다": {
		"카레": 86,
		"잡채": 81,
		"팔보채": 40
	},
	"평범하다": {
		"쫄면": 84,
		"잡채밥": 47
	},
	"변하다": {
		"지코바": 48
	},
	"멋지다": {
		"짜장면": 69,
		"케이크": 61
	},
	"탱탱하다": {
		"소바": 87,
		"쫄면": 75,
		"회": 73,
		"짜장면": 60,
		"차돌박이짬뽕": 40
	},
	"둥글다": {
		"찜닭": 176
	},
	"무모하다": {
		"초밥": 357
	},
	"묵직하다": {
		"버거킹": 104,
		"브라우니": 77,
		"치즈피자": 73
	},
	"노랗다": {
		"카레": 85
	},
	"아름답다": {
		"케이크": 83
	},
	"불가하다": {
		"케이크": 69
	},
	"뿌듯하다": {
		"케이크": 54
	},
	"정확하다": {
		"토마토파스타": 85,
		"KFC": 70,
		"콤비네이션피자": 59,
		"허니콤보": 56
	},
	"검다": {
		"크로플": 274,
		"와플": 62,
		"블랙알리오": 61
	},
	"아늑하다": {
		"크로플": 81
	},
	"색다르다": {
		"타코": 100,
		"크림파스타": 89,
		"탕수육": 54,
		"파닭": 44,
		"하와이안피자": 31
	},
	"아담하다": {
		"타코": 78,
		"타르트": 71
	},
	"재밌다": {
		"타코야키": 55,
		"하와이안피자": 34
	},
	"젊다": {
		"타코야키": 43
	},
	"심심하다": {
		"포테이토피자": 78,
		"타코야키": 42,
		"파닭": 42
	},
	"독특하다": {
		"블랙알리오": 77,
		"페퍼로니피자": 65,
		"튀김": 62,
		"빠네": 47
	},
	"수북하다": {
		"파닭": 47
	},
	"용감하다": {
		"파닭": 44
	},
	"큼직큼직하다": {
		"황금올리브": 73
	},
	"굵다": {
		"배떡": 50
	},
	"고슬고슬하다": {
		"볶음밥": 100
	},
	"미안하다": {
		"밥버거": 14
	},
	"납작하다": {
		"밥버거": 14
	},
	"지겹다": {
		"밥버거": 11
	},
	"애매하다": {
		"밥버거": 11
	},
	"순수하다": {
		"블랙알리오": 143
	},
	"춥다": {
		"빙수": 52
	},
	"슬프다": {
		"서브웨이": 75,
		"신전": 37
	},
	"아리다": {
		"석쇠구이": 96
	},
	"사악하다": {
		"쉑쉑": 49
	},
	"말랑말랑하다": {
		"신전": 34
	},
	"살찌다": {
		"와플": 57,
		"아이스크림": 50
	}
}